Workbook

Sheet สรุปผล
A1: สรุปผล
A3: ประเด็น | B3: ค่า | C3: หมายเหตุ
A4: จำนวนผู้ตอบ (n) | B4: 12 | C4: นับจากไฟล์แบบสอบถามที่อ่านได้
A5: X̄ ปัญหา (P) | B5: ='ค่าเฉลี่ยรายด้าน'!D9 | C5: S.D. ='ค่าเฉลี่ยรายด้าน'!E9
A6: X̄ ด้านข้อมูล | B6: ='ค่าเฉลี่ยรายด้าน'!D14 | C6: S.D. ='ค่าเฉลี่ยรายด้าน'!E14
A7: X̄ ด้านหน้าที่ของระบบ | B7: ='ค่าเฉลี่ยรายด้าน'!D20 | C7: S.D. ='ค่าเฉลี่ยรายด้าน'!E20
A8: X̄ ด้านคุณภาพ | B8: ='ค่าเฉลี่ยรายด้าน'!D24 | C8: S.D. ='ค่าเฉลี่ยรายด้าน'!E24
A9: X̄ ภาพรวม | B9: ='ค่าเฉลี่ยรายด้าน'!D25 | C9: S.D. ='ค่าเฉลี่ยรายด้าน'!E25

Sheet ข้อมูลดิบ-ช่องเลือก
A1: ผู้ตอบ | B1: คำถาม | C1: ตัวเลือก | D1: เลือก (1/0)
A2: U01 | B2: 1. บทบาท | C2: ผู้ดูแลเครือข่าย | D2: 1
A3: U01 | B3: 1. บทบาท | C3: ผู้บริหาร | D3: 0
A4: U01 | B4: 1. บทบาท | C4: เจ้าหน้าที่สนับสนุน | D4: 0
A5: U01 | B5: ฟังก์ชันที่ควรพัฒนาก่อน (เลือกได้หลายข้อ) | C5: หน้าภาพรวมสถานะ | D5: 1
A6: U01 | B6: ฟังก์ชันที่ควรพัฒนาก่อน (เลือกได้หลายข้อ) | C6: การแจ้งเตือน | D6: 1
A7: U01 | B7: ฟังก์ชันที่ควรพัฒนาก่อน (เลือกได้หลายข้อ) | C7: รายงานประจำเดือน | D7: 0
A8: U02 | B8: 1. บทบาท | C8: ผู้ดูแลเครือข่าย | D8: 0
A9: U02 | B9: 1. บทบาท | C9: ผู้บริหาร | D9: 0
A10: U02 | B10: 1. บทบาท | C10: เจ้าหน้าที่สนับสนุน | D10: 1
A11: U02 | B11: ฟังก์ชันที่ควรพัฒนาก่อน (เลือกได้หลายข้อ) | C11: หน้าภาพรวมสถานะ | D11: 1
A12: U02 | B12: ฟังก์ชันที่ควรพัฒนาก่อน (เลือกได้หลายข้อ) | C12: การแจ้งเตือน | D12: 0
A13: U02 | B13: ฟังก์ชันที่ควรพัฒนาก่อน (เลือกได้หลายข้อ) | C13: รายงานประจำเดือน | D13: 1
... A73: U12 | B73: ฟังก์ชันที่ควรพัฒนาก่อน (เลือกได้หลายข้อ) | C73: รายงานประจำเดือน | D73: 0

Sheet ข้อมูลดิบ
A1: ข้อมูลดิบ
B2: ข้อมูลสถานะอุปกรณ์กระจายอยู่หลายระบบ | C2: ทราบปัญหาอุปกรณ์ล่าช้า | D2: เปรียบเทียบสถานะระหว่างศูนย์ได้ยาก | E2: ไม่มีประวัติการแก้ไขข้อมูล | F2: จัดทำรายงานประจำเดือนใช้เวลามาก | G2: ภาพรวมสถานะอุปกรณ์แยกตามศูนย์ | H2: รายการอุปกรณ์และตำแหน่งติดตั้ง | I2: ประวัติเหตุขัดข้องย้อนหลัง | J2: ข้อมูลการใช้งานแบนด์วิดท์ | K2: แจ้งเตือนเมื่ออุปกรณ์ขัดข้อง | L2: จัดลำดับอุปกรณ์ที่ต้องดำเนินการก่อน | M2: ค้นหาอุปกรณ์ตามศูนย์และสถานะ | N2: สร้างรายงานสรุปประจำเดือน | O2: แจ้งข้อมูลผิดพลาดจากผู้ใช้ | P2: ข้อมูลเป็นปัจจุบันไม่เกิน 5 นาที | Q2: กำหนดสิทธิ์การเข้าถึงตามบทบาท | R2: บันทึกประวัติการแก้ไขข้อมูล
A3: ผู้ตอบ | B3: P01 | C3: P02 | D3: P03 | E3: P04 | F3: P05 | G3: N01 | H3: N02 | I3: N03 | J3: N04 | K3: N05 | L3: N06 | M3: N07 | N3: N08 | O3: N09 | P3: N10 | Q3: N11 | R3: N12
A4: U01 | B4: 4 | C4: 4 | D4: 5 | E4: 3 | F4: 3 | G4: 5 | H4: 3 | I4: 4 | J4: 5 | K4: 3 | L4: 5 | M4: 4 | N4: 3 | O4: 3 | P4: 5 | Q4: 5 | R4: 3
A5: U02 | B5: 3 | C5: 4 | D5: 5 | E5: 3 | F5: 5 | G5: 5 | H5: 5 | I5: 3 | J5: 4 | K5: 3 | L5: 5 | M5: 4 | N5: 4 | O5: 5 | P5: 4 | Q5: 5 | R5: 3
A6: U03 | B6: 5 | C6: 5 | D6: 4 | E6: 4 | F6: 3 | G6: 5 | H6: 3 | I6: 5 | J6: 3 | K6: 5 | L6: 4 | M6: 5 | N6: 5 | O6: 5 | P6: 4 | Q6: 5 | R6: 5
A7: U04 | B7: 4 | C7: 3 | D7: 5 | E7: 4 | F7: 5 | G7: 5 | H7: 4 | J7: 4 | K7: 5 | L7: 3 | M7: 3 | N7: 5 | O7: 5 | P7: 4 | Q7: 4 | R7: 4
A8: U05 | B8: 5 | C8: 5 | D8: 4 | E8: 4 | F8: 4 | G8: 5 | H8: 5 | I8: 5 | K8: 3 | L8: 3 | M8: 4 | N8: 5 | O8: 3 | P8: 3 | Q8: 4 | R8: 5
A9: U06 | B9: 4 | C9: 3 | D9: 5 | E9: 4 | F9: 4 | G9: 5 | H9: 3 | I9: 5 | J9: 3 | K9: 4 | L9: 4 | M9: 4 | N9: 4 | O9: 5 | P9: 5 | Q9: 5 | R9: 3
A10: U07 | B10: 5 | C10: 5 | D10: 4 | E10: 5 | F10: 4 | G10: 5 | H10: 4 | I10: 4 | J10: 3 | K10: 4 | L10: 4 | M10: 4 | N10: 4 | O10: 3 | P10: 5 | Q10: 5 | R10: 4
A11: U08 | B11: 5 | C11: 5 | D11: 4 | E11: 4 | F11: 5 | G11: 5 | H11: 3 | I11: 5 | J11: 5 | K11: 5 | L11: 5 | M11: 5 | N11: 5 | O11: 3 | P11: 5 | Q11: 5 | R11: 3
A12: U09 | B12: 4 | C12: 5 | D12: 3 | E12: 3 | F12: 3 | G12: 5 | H12: 4 | I12: 5 | J12: 3 | K12: 4 | L12: 5 | M12: 3 | N12: 3 | O12: 4 | P12: 5 | Q12: 5 | R12: 4
A13: U10 | B13: 3 | C13: 3 | D13: 5 | E13: 5 | F13: 5 | G13: 5 | H13: 4 | I13: 3 | J13: 4 | K13: 3 | L13: 4 | M13: 4 | N13: 5 | O13: 4 | P13: 5 | Q13: 3 | R13: 4
A14: U11 | B14: 5 | C14: 4 | D14: 3 | E14: 4 | F14: 5 | G14: 4 | H14: 4 | I14: 4 | J14: 4 | K14: 5 | L14: 5 | M14: 5 | N14: 4 | O14: 4 | P14: 5 | Q14: 4 | R14: 4
A15: U12 | B15: 4 | C15: 3 | D15: 3 | E15: 4 | F15: 5 | G15: 4 | H15: 4 | I15: 5 | J15: 4 | K15: 5 | L15: 4 | M15: 4 | N15: 3 | O15: 4 | P15: 3 | Q15: 4 | R15: 5

Sheet ข้อมูลทั่วไป
A1: ข้อมูลทั่วไป
A2: ข้อมูลทั่วไปของผู้ตอบ (คำถามที่เลือกได้หลายข้อ ร้อยละคิดจากผู้ตอบทั้งหมด)
A3: คำถาม | B3: ตัวเลือก | C3: จำนวน | D3: ร้อยละ
A4: 1. บทบาท | B4: ผู้ดูแลเครือข่าย | C4: =COUNTIFS('ข้อมูลดิบ-ช่องเลือก'!$B$2:$B$73,A4,'ข้อมูลดิบ-ช่องเลือก'!$C$2:$C$73,B4,'ข้อมูลดิบ-ช่องเลือก'!$D$2:$D$73,1) | D4: =IF('สรุปผล'!$B$4=0,0,C4/'สรุปผล'!$B$4*100)
A5: 1. บทบาท | B5: ผู้บริหาร | C5: =COUNTIFS('ข้อมูลดิบ-ช่องเลือก'!$B$2:$B$73,A5,'ข้อมูลดิบ-ช่องเลือก'!$C$2:$C$73,B5,'ข้อมูลดิบ-ช่องเลือก'!$D$2:$D$73,1) | D5: =IF('สรุปผล'!$B$4=0,0,C5/'สรุปผล'!$B$4*100)
A6: 1. บทบาท | B6: เจ้าหน้าที่สนับสนุน | C6: =COUNTIFS('ข้อมูลดิบ-ช่องเลือก'!$B$2:$B$73,A6,'ข้อมูลดิบ-ช่องเลือก'!$C$2:$C$73,B6,'ข้อมูลดิบ-ช่องเลือก'!$D$2:$D$73,1) | D6: =IF('สรุปผล'!$B$4=0,0,C6/'สรุปผล'!$B$4*100)
A8: ร้อยละคิดจากจำนวนผู้ตอบทั้งหมด (เลือกได้หลายข้อ ผลรวมอาจเกิน 100)

Sheet ค่าเฉลี่ยรายด้าน
A1: ค่าเฉลี่ยรายด้าน
A3: รหัส | B3: รายการ | C3: n | D3: X̄ | E3: S.D. | F3: แปลผล
A4: P01 | B4: ข้อมูลสถานะอุปกรณ์กระจายอยู่หลายระบบ | C4: =COUNT('ข้อมูลดิบ'!$B$4:$B$15) | D4: =AVERAGE('ข้อมูลดิบ'!$B$4:$B$15) | E4: =_xlfn.STDEV.S('ข้อมูลดิบ'!$B$4:$B$15) | F4: =IF(D4="","",IF(ROUND(D4,2)<=1.8,"น้อยที่สุด",IF(ROUND(D4,2)<=2.6,"น้อย",IF(ROUND(D4,2)<=3.4,"ปานกลาง",IF(ROUND(D4,2)<=4.2,"มาก","มากที่สุด")))))
A5: P02 | B5: ทราบปัญหาอุปกรณ์ล่าช้า | C5: =COUNT('ข้อมูลดิบ'!$C$4:$C$15) | D5: =AVERAGE('ข้อมูลดิบ'!$C$4:$C$15) | E5: =_xlfn.STDEV.S('ข้อมูลดิบ'!$C$4:$C$15) | F5: =IF(D5="","",IF(ROUND(D5,2)<=1.8,"น้อยที่สุด",IF(ROUND(D5,2)<=2.6,"น้อย",IF(ROUND(D5,2)<=3.4,"ปานกลาง",IF(ROUND(D5,2)<=4.2,"มาก","มากที่สุด")))))
A6: P03 | B6: เปรียบเทียบสถานะระหว่างศูนย์ได้ยาก | C6: =COUNT('ข้อมูลดิบ'!$D$4:$D$15) | D6: =AVERAGE('ข้อมูลดิบ'!$D$4:$D$15) | E6: =_xlfn.STDEV.S('ข้อมูลดิบ'!$D$4:$D$15) | F6: =IF(D6="","",IF(ROUND(D6,2)<=1.8,"น้อยที่สุด",IF(ROUND(D6,2)<=2.6,"น้อย",IF(ROUND(D6,2)<=3.4,"ปานกลาง",IF(ROUND(D6,2)<=4.2,"มาก","มากที่สุด")))))
A7: P04 | B7: ไม่มีประวัติการแก้ไขข้อมูล | C7: =COUNT('ข้อมูลดิบ'!$E$4:$E$15) | D7: =AVERAGE('ข้อมูลดิบ'!$E$4:$E$15) | E7: =_xlfn.STDEV.S('ข้อมูลดิบ'!$E$4:$E$15) | F7: =IF(D7="","",IF(ROUND(D7,2)<=1.8,"น้อยที่สุด",IF(ROUND(D7,2)<=2.6,"น้อย",IF(ROUND(D7,2)<=3.4,"ปานกลาง",IF(ROUND(D7,2)<=4.2,"มาก","มากที่สุด")))))
A8: P05 | B8: จัดทำรายงานประจำเดือนใช้เวลามาก | C8: =COUNT('ข้อมูลดิบ'!$F$4:$F$15) | D8: =AVERAGE('ข้อมูลดิบ'!$F$4:$F$15) | E8: =_xlfn.STDEV.S('ข้อมูลดิบ'!$F$4:$F$15) | F8: =IF(D8="","",IF(ROUND(D8,2)<=1.8,"น้อยที่สุด",IF(ROUND(D8,2)<=2.6,"น้อย",IF(ROUND(D8,2)<=3.4,"ปานกลาง",IF(ROUND(D8,2)<=4.2,"มาก","มากที่สุด")))))
B9: รวมปัญหา (P) | C9: =COUNT('ข้อมูลดิบ'!$B$4:$B$15,'ข้อมูลดิบ'!$C$4:$C$15,'ข้อมูลดิบ'!$D$4:$D$15,'ข้อมูลดิบ'!$E$4:$E$15,'ข้อมูลดิบ'!$F$4:$F$15) | D9: =AVERAGE('ข้อมูลดิบ'!$B$4:$B$15,'ข้อมูลดิบ'!$C$4:$C$15,'ข้อมูลดิบ'!$D$4:$D$15,'ข้อมูลดิบ'!$E$4:$E$15,'ข้อมูลดิบ'!$F$4:$F$15) | E9: =_xlfn.STDEV.S('ข้อมูลดิบ'!$B$4:$B$15,'ข้อมูลดิบ'!$C$4:$C$15,'ข้อมูลดิบ'!$D$4:$D$15,'ข้อมูลดิบ'!$E$4:$E$15,'ข้อมูลดิบ'!$F$4:$F$15) | F9: =IF(D9="","",IF(ROUND(D9,2)<=1.8,"น้อยที่สุด",IF(ROUND(D9,2)<=2.6,"น้อย",IF(ROUND(D9,2)<=3.4,"ปานกลาง",IF(ROUND(D9,2)<=4.2,"มาก","มากที่สุด")))))
A10: N01 | B10: ภาพรวมสถานะอุปกรณ์แยกตามศูนย์ | C10: =COUNT('ข้อมูลดิบ'!$G$4:$G$15) | D10: =AVERAGE('ข้อมูลดิบ'!$G$4:$G$15) | E10: =_xlfn.STDEV.S('ข้อมูลดิบ'!$G$4:$G$15) | F10: =IF(D10="","",IF(ROUND(D10,2)<=1.8,"น้อยที่สุด",IF(ROUND(D10,2)<=2.6,"น้อย",IF(ROUND(D10,2)<=3.4,"ปานกลาง",IF(ROUND(D10,2)<=4.2,"มาก","มากที่สุด")))))
A11: N02 | B11: รายการอุปกรณ์และตำแหน่งติดตั้ง | C11: =COUNT('ข้อมูลดิบ'!$H$4:$H$15) | D11: =AVERAGE('ข้อมูลดิบ'!$H$4:$H$15) | E11: =_xlfn.STDEV.S('ข้อมูลดิบ'!$H$4:$H$15) | F11: =IF(D11="","",IF(ROUND(D11,2)<=1.8,"น้อยที่สุด",IF(ROUND(D11,2)<=2.6,"น้อย",IF(ROUND(D11,2)<=3.4,"ปานกลาง",IF(ROUND(D11,2)<=4.2,"มาก","มากที่สุด")))))
A12: N03 | B12: ประวัติเหตุขัดข้องย้อนหลัง | C12: =COUNT('ข้อมูลดิบ'!$I$4:$I$15) | D12: =AVERAGE('ข้อมูลดิบ'!$I$4:$I$15) | E12: =_xlfn.STDEV.S('ข้อมูลดิบ'!$I$4:$I$15) | F12: =IF(D12="","",IF(ROUND(D12,2)<=1.8,"น้อยที่สุด",IF(ROUND(D12,2)<=2.6,"น้อย",IF(ROUND(D12,2)<=3.4,"ปานกลาง",IF(ROUND(D12,2)<=4.2,"มาก","มากที่สุด")))))
A13: N04 | B13: ข้อมูลการใช้งานแบนด์วิดท์ | C13: =COUNT('ข้อมูลดิบ'!$J$4:$J$15) | D13: =AVERAGE('ข้อมูลดิบ'!$J$4:$J$15) | E13: =_xlfn.STDEV.S('ข้อมูลดิบ'!$J$4:$J$15) | F13: =IF(D13="","",IF(ROUND(D13,2)<=1.8,"น้อยที่สุด",IF(ROUND(D13,2)<=2.6,"น้อย",IF(ROUND(D13,2)<=3.4,"ปานกลาง",IF(ROUND(D13,2)<=4.2,"มาก","มากที่สุด")))))
B14: รวมด้านข้อมูล | C14: =COUNT('ข้อมูลดิบ'!$G$4:$G$15,'ข้อมูลดิบ'!$H$4:$H$15,'ข้อมูลดิบ'!$I$4:$I$15,'ข้อมูลดิบ'!$J$4:$J$15) | D14: =AVERAGE('ข้อมูลดิบ'!$G$4:$G$15,'ข้อมูลดิบ'!$H$4:$H$15,'ข้อมูลดิบ'!$I$4:$I$15,'ข้อมูลดิบ'!$J$4:$J$15) | E14: =_xlfn.STDEV.S('ข้อมูลดิบ'!$G$4:$G$15,'ข้อมูลดิบ'!$H$4:$H$15,'ข้อมูลดิบ'!$I$4:$I$15,'ข้อมูลดิบ'!$J$4:$J$15) | F14: =IF(D14="","",IF(ROUND(D14,2)<=1.8,"น้อยที่สุด",IF(ROUND(D14,2)<=2.6,"น้อย",IF(ROUND(D14,2)<=3.4,"ปานกลาง",IF(ROUND(D14,2)<=4.2,"มาก","มากที่สุด")))))
A15: N05 | B15: แจ้งเตือนเมื่ออุปกรณ์ขัดข้อง | C15: =COUNT('ข้อมูลดิบ'!$K$4:$K$15) | D15: =AVERAGE('ข้อมูลดิบ'!$K$4:$K$15) | E15: =_xlfn.STDEV.S('ข้อมูลดิบ'!$K$4:$K$15) | F15: =IF(D15="","",IF(ROUND(D15,2)<=1.8,"น้อยที่สุด",IF(ROUND(D15,2)<=2.6,"น้อย",IF(ROUND(D15,2)<=3.4,"ปานกลาง",IF(ROUND(D15,2)<=4.2,"มาก","มากที่สุด")))))
A16: N06 | B16: จัดลำดับอุปกรณ์ที่ต้องดำเนินการก่อน | C16: =COUNT('ข้อมูลดิบ'!$L$4:$L$15) | D16: =AVERAGE('ข้อมูลดิบ'!$L$4:$L$15) | E16: =_xlfn.STDEV.S('ข้อมูลดิบ'!$L$4:$L$15) | F16: =IF(D16="","",IF(ROUND(D16,2)<=1.8,"น้อยที่สุด",IF(ROUND(D16,2)<=2.6,"น้อย",IF(ROUND(D16,2)<=3.4,"ปานกลาง",IF(ROUND(D16,2)<=4.2,"มาก","มากที่สุด")))))
A17: N07 | B17: ค้นหาอุปกรณ์ตามศูนย์และสถานะ | C17: =COUNT('ข้อมูลดิบ'!$M$4:$M$15) | D17: =AVERAGE('ข้อมูลดิบ'!$M$4:$M$15) | E17: =_xlfn.STDEV.S('ข้อมูลดิบ'!$M$4:$M$15) | F17: =IF(D17="","",IF(ROUND(D17,2)<=1.8,"น้อยที่สุด",IF(ROUND(D17,2)<=2.6,"น้อย",IF(ROUND(D17,2)<=3.4,"ปานกลาง",IF(ROUND(D17,2)<=4.2,"มาก","มากที่สุด")))))
A18: N08 | B18: สร้างรายงานสรุปประจำเดือน | C18: =COUNT('ข้อมูลดิบ'!$N$4:$N$15) | D18: =AVERAGE('ข้อมูลดิบ'!$N$4:$N$15) | E18: =_xlfn.STDEV.S('ข้อมูลดิบ'!$N$4:$N$15) | F18: =IF(D18="","",IF(ROUND(D18,2)<=1.8,"น้อยที่สุด",IF(ROUND(D18,2)<=2.6,"น้อย",IF(ROUND(D18,2)<=3.4,"ปานกลาง",IF(ROUND(D18,2)<=4.2,"มาก","มากที่สุด")))))
A19: N09 | B19: แจ้งข้อมูลผิดพลาดจากผู้ใช้ | C19: =COUNT('ข้อมูลดิบ'!$O$4:$O$15) | D19: =AVERAGE('ข้อมูลดิบ'!$O$4:$O$15) | E19: =_xlfn.STDEV.S('ข้อมูลดิบ'!$O$4:$O$15) | F19: =IF(D19="","",IF(ROUND(D19,2)<=1.8,"น้อยที่สุด",IF(ROUND(D19,2)<=2.6,"น้อย",IF(ROUND(D19,2)<=3.4,"ปานกลาง",IF(ROUND(D19,2)<=4.2,"มาก","มากที่สุด")))))
B20: รวมด้านหน้าที่ของระบบ | C20: =COUNT('ข้อมูลดิบ'!$K$4:$K$15,'ข้อมูลดิบ'!$L$4:$L$15,'ข้อมูลดิบ'!$M$4:$M$15,'ข้อมูลดิบ'!$N$4:$N$15,'ข้อมูลดิบ'!$O$4:$O$15) | D20: =AVERAGE('ข้อมูลดิบ'!$K$4:$K$15,'ข้อมูลดิบ'!$L$4:$L$15,'ข้อมูลดิบ'!$M$4:$M$15,'ข้อมูลดิบ'!$N$4:$N$15,'ข้อมูลดิบ'!$O$4:$O$15) | E20: =_xlfn.STDEV.S('ข้อมูลดิบ'!$K$4:$K$15,'ข้อมูลดิบ'!$L$4:$L$15,'ข้อมูลดิบ'!$M$4:$M$15,'ข้อมูลดิบ'!$N$4:$N$15,'ข้อมูลดิบ'!$O$4:$O$15) | F20: =IF(D20="","",IF(ROUND(D20,2)<=1.8,"น้อยที่สุด",IF(ROUND(D20,2)<=2.6,"น้อย",IF(ROUND(D20,2)<=3.4,"ปานกลาง",IF(ROUND(D20,2)<=4.2,"มาก","มากที่สุด")))))
A21: N10 | B21: ข้อมูลเป็นปัจจุบันไม่เกิน 5 นาที | C21: =COUNT('ข้อมูลดิบ'!$P$4:$P$15) | D21: =AVERAGE('ข้อมูลดิบ'!$P$4:$P$15) | E21: =_xlfn.STDEV.S('ข้อมูลดิบ'!$P$4:$P$15) | F21: =IF(D21="","",IF(ROUND(D21,2)<=1.8,"น้อยที่สุด",IF(ROUND(D21,2)<=2.6,"น้อย",IF(ROUND(D21,2)<=3.4,"ปานกลาง",IF(ROUND(D21,2)<=4.2,"มาก","มากที่สุด")))))
A22: N11 | B22: กำหนดสิทธิ์การเข้าถึงตามบทบาท | C22: =COUNT('ข้อมูลดิบ'!$Q$4:$Q$15) | D22: =AVERAGE('ข้อมูลดิบ'!$Q$4:$Q$15) | E22: =_xlfn.STDEV.S('ข้อมูลดิบ'!$Q$4:$Q$15) | F22: =IF(D22="","",IF(ROUND(D22,2)<=1.8,"น้อยที่สุด",IF(ROUND(D22,2)<=2.6,"น้อย",IF(ROUND(D22,2)<=3.4,"ปานกลาง",IF(ROUND(D22,2)<=4.2,"มาก","มากที่สุด")))))
A23: N12 | B23: บันทึกประวัติการแก้ไขข้อมูล | C23: =COUNT('ข้อมูลดิบ'!$R$4:$R$15) | D23: =AVERAGE('ข้อมูลดิบ'!$R$4:$R$15) | E23: =_xlfn.STDEV.S('ข้อมูลดิบ'!$R$4:$R$15) | F23: =IF(D23="","",IF(ROUND(D23,2)<=1.8,"น้อยที่สุด",IF(ROUND(D23,2)<=2.6,"น้อย",IF(ROUND(D23,2)<=3.4,"ปานกลาง",IF(ROUND(D23,2)<=4.2,"มาก","มากที่สุด")))))
B24: รวมด้านคุณภาพ | C24: =COUNT('ข้อมูลดิบ'!$P$4:$P$15,'ข้อมูลดิบ'!$Q$4:$Q$15,'ข้อมูลดิบ'!$R$4:$R$15) | D24: =AVERAGE('ข้อมูลดิบ'!$P$4:$P$15,'ข้อมูลดิบ'!$Q$4:$Q$15,'ข้อมูลดิบ'!$R$4:$R$15) | E24: =_xlfn.STDEV.S('ข้อมูลดิบ'!$P$4:$P$15,'ข้อมูลดิบ'!$Q$4:$Q$15,'ข้อมูลดิบ'!$R$4:$R$15) | F24: =IF(D24="","",IF(ROUND(D24,2)<=1.8,"น้อยที่สุด",IF(ROUND(D24,2)<=2.6,"น้อย",IF(ROUND(D24,2)<=3.4,"ปานกลาง",IF(ROUND(D24,2)<=4.2,"มาก","มากที่สุด")))))
B25: ภาพรวม | C25: =COUNT('ข้อมูลดิบ'!$B$4:$B$15,'ข้อมูลดิบ'!$C$4:$C$15,'ข้อมูลดิบ'!$D$4:$D$15,'ข้อมูลดิบ'!$E$4:$E$15,'ข้อมูลดิบ'!$F$4:$F$15,'ข้อมูลดิบ'!$G$4:$G$15,'ข้อมูลดิบ'!$H$4:$H$15,'ข้อมูลดิบ'!$I$4:$I$15,'ข้อมูลดิบ'!$J$4:$J$15,'ข้อมูลดิบ'!$K$4:$K$15,'ข้อมูลดิบ'!$L$4:$L$15,'ข้อมูลดิบ'!$M$4:$M$15,'ข้อมูลดิบ'!$N$4:$N$15,'ข้อมูลดิบ'!$O$4:$O$15,'ข้อมูลดิบ'!$P$4:$P$15,'ข้อมูลดิบ'!$Q$4:$Q$15,'ข้อมูลดิบ'!$R$4:$R$15) | D25: =AVERAGE('ข้อมูลดิบ'!$B$4:$B$15,'ข้อมูลดิบ'!$C$4:$C$15,'ข้อมูลดิบ'!$D$4:$D$15,'ข้อมูลดิบ'!$E$4:$E$15,'ข้อมูลดิบ'!$F$4:$F$15,'ข้อมูลดิบ'!$G$4:$G$15,'ข้อมูลดิบ'!$H$4:$H$15,'ข้อมูลดิบ'!$I$4:$I$15,'ข้อมูลดิบ'!$J$4:$J$15,'ข้อมูลดิบ'!$K$4:$K$15,'ข้อมูลดิบ'!$L$4:$L$15,'ข้อมูลดิบ'!$M$4:$M$15,'ข้อมูลดิบ'!$N$4:$N$15,'ข้อมูลดิบ'!$O$4:$O$15,'ข้อมูลดิบ'!$P$4:$P$15,'ข้อมูลดิบ'!$Q$4:$Q$15,'ข้อมูลดิบ'!$R$4:$R$15) | E25: =_xlfn.STDEV.S('ข้อมูลดิบ'!$B$4:$B$15,'ข้อมูลดิบ'!$C$4:$C$15,'ข้อมูลดิบ'!$D$4:$D$15,'ข้อมูลดิบ'!$E$4:$E$15,'ข้อมูลดิบ'!$F$4:$F$15,'ข้อมูลดิบ'!$G$4:$G$15,'ข้อมูลดิบ'!$H$4:$H$15,'ข้อมูลดิบ'!$I$4:$I$15,'ข้อมูลดิบ'!$J$4:$J$15,'ข้อมูลดิบ'!$K$4:$K$15,'ข้อมูลดิบ'!$L$4:$L$15,'ข้อมูลดิบ'!$M$4:$M$15,'ข้อมูลดิบ'!$N$4:$N$15,'ข้อมูลดิบ'!$O$4:$O$15,'ข้อมูลดิบ'!$P$4:$P$15,'ข้อมูลดิบ'!$Q$4:$Q$15,'ข้อมูลดิบ'!$R$4:$R$15) | F25: =IF(D25="","",IF(ROUND(D25,2)<=1.8,"น้อยที่สุด",IF(ROUND(D25,2)<=2.6,"น้อย",IF(ROUND(D25,2)<=3.4,"ปานกลาง",IF(ROUND(D25,2)<=4.2,"มาก","มากที่สุด")))))
A27: หมายเหตุ: ค่ารายด้านและภาพรวมคำนวณจากคะแนนดิบทุกค่า S.D. แบบตัวอย่าง (n − 1) แปลผล 1.00–1.80 น้อยที่สุด 1.81–2.60 น้อย 2.61–3.40 ปานกลาง 3.41–4.20 มาก 4.21–5.00 มากที่สุด

Sheet การเลือกฟังก์ชัน
A1: การเลือกฟังก์ชัน
A3: คำถาม | B3: ตัวเลือก | C3: จำนวน | D3: ร้อยละ
A4: ฟังก์ชันที่ควรพัฒนาก่อน (เลือกได้หลายข้อ) | B4: หน้าภาพรวมสถานะ | C4: =COUNTIFS('ข้อมูลดิบ-ช่องเลือก'!$B$2:$B$73,A4,'ข้อมูลดิบ-ช่องเลือก'!$C$2:$C$73,B4,'ข้อมูลดิบ-ช่องเลือก'!$D$2:$D$73,1) | D4: =IF('สรุปผล'!$B$4=0,0,C4/'สรุปผล'!$B$4*100)
A5: ฟังก์ชันที่ควรพัฒนาก่อน (เลือกได้หลายข้อ) | B5: การแจ้งเตือน | C5: =COUNTIFS('ข้อมูลดิบ-ช่องเลือก'!$B$2:$B$73,A5,'ข้อมูลดิบ-ช่องเลือก'!$C$2:$C$73,B5,'ข้อมูลดิบ-ช่องเลือก'!$D$2:$D$73,1) | D5: =IF('สรุปผล'!$B$4=0,0,C5/'สรุปผล'!$B$4*100)
A6: ฟังก์ชันที่ควรพัฒนาก่อน (เลือกได้หลายข้อ) | B6: รายงานประจำเดือน | C6: =COUNTIFS('ข้อมูลดิบ-ช่องเลือก'!$B$2:$B$73,A6,'ข้อมูลดิบ-ช่องเลือก'!$C$2:$C$73,B6,'ข้อมูลดิบ-ช่องเลือก'!$D$2:$D$73,1) | D6: =IF('สรุปผล'!$B$4=0,0,C6/'สรุปผล'!$B$4*100)
A8: ร้อยละคิดจากจำนวนผู้ตอบทั้งหมด (เลือกได้หลายข้อ ผลรวมอาจเกิน 100)

Sheet คำตอบปลายเปิด
A1: คำตอบปลายเปิด
A3: ผู้ตอบ | B3: รหัส | C3: ช่อง | D3: ข้อความ
A4: U01 | B4: OP01 | D4: อุปกรณ์รุ่นเก่าส่งข้อมูลไม่ได้ (ผู้ตอบ U01)
A5: U03 | B5: OP01 | D5: อุปกรณ์รุ่นเก่าส่งข้อมูลไม่ได้ (ผู้ตอบ U03)
A6: U05 | B6: OP01 | D6: อุปกรณ์รุ่นเก่าส่งข้อมูลไม่ได้ (ผู้ตอบ U05)
A7: U07 | B7: OP01 | D7: อุปกรณ์รุ่นเก่าส่งข้อมูลไม่ได้ (ผู้ตอบ U07)
A8: U09 | B8: OP01 | D8: อุปกรณ์รุ่นเก่าส่งข้อมูลไม่ได้ (ผู้ตอบ U09)
A9: U11 | B9: OP01 | D9: อุปกรณ์รุ่นเก่าส่งข้อมูลไม่ได้ (ผู้ตอบ U11)
